,text
0,"Neighborhood: Willow Creek
Price: $600,000
Bedrooms: 4
Bathrooms: 3
House Size: 2,500 sqft

Description: Step into this spacious 4-bedroom, 3-bathroom home located in the peaceful neighborhood of Willow Creek. 
This well-maintained property features a cozy fireplace in the living room, perfect for chilly nights. 
The large kitchen with granite countertops and stainless steel appliances is a dream for any home chef. 
The backyard oasis includes a sparkling pool and patio area, ideal for entertaining guests or simply relaxing in the sun. 
With ample space for a growing family, this Willow Creek home is sure to impress.

Neighborhood Description: Willow Creek is a serene neighborhood surrounded by lush greenery and tranquil walking trails. 
Residents can enjoy the nearby Willow Creek Golf Course or take a short drive to Willow Creek Park for a picnic by the lake. 
The neighborhood is known for its top-rated schools and friendly community atmosphere, making it an ideal place to call home."
1,"Neighborhood: Sunset Hills
Price: $1,200,000
Bedrooms: 4
Bathrooms: 3.5
House Size: 3,500 sqft

Description: Step into luxury living in this stunning 4-bedroom, 3.5-bathroom home located in the prestigious Sunset Hills neighborhood. 
Boasting high-end finishes and top-of-the-line appliances, this home offers an elegant and comfortable living space. 
The spacious master suite features a luxurious en-suite bathroom with a soaking tub and separate shower. 
Entertain guests in the expansive backyard with a pool and outdoor kitchen, perfect for al fresco dining. 
With panoramic views of the rolling hills, this Sunset Hills residence is a true sanctuary for those seeking upscale living.

Neighborhood Description: Sunset Hills is an exclusive community known for its upscale homes, lush landscapes, and breathtaking views. 
Residents can enjoy access to private parks, tennis courts, and hiking trails right in their own backyard. 
Conveniently located near upscale shopping centers and award-winning restaurants, Sunset Hills offers the perfect blend of luxury and convenience."
2,"Neighborhood: Cedar Hills
Price: $600,000
Bedrooms: 4
Bathrooms: 3
House Size: 2,500 sqft

Description: Step inside this spacious 4-bedroom, 3-bathroom home located in the desirable Cedar Hills neighborhood. 
The home features a welcoming living room with a cozy fireplace, perfect for gathering with family and friends. 
The updated kitchen boasts stainless steel appliances and granite countertops, ideal for preparing delicious meals. 
The master bedroom offers a tranquil retreat with a luxurious en-suite bathroom and walk-in closet. 
Enjoy outdoor living in the expansive backyard with a patio, perfect for entertaining or relaxing. This home is perfect for a growing family looking for comfort and style.

Neighborhood Description: Cedar Hills is a family-friendly community known for its tree-lined streets and top-rated schools. 
Residents can enjoy nearby parks, playgrounds, and hiking trails, making it an ideal location for outdoor enthusiasts. 
With easy access to shopping centers, restaurants, and entertainment options, Cedar Hills offers the perfect blend of suburban charm and urban convenience."
3,"Neighborhood: Sunset Hills
Price: $650,000
Bedrooms: 4
Bathrooms: 3.5
House Size: 2,500 sqft

Description: Step into this stunning 4-bedroom, 3.5-bathroom home located in the desirable Sunset Hills neighborhood. 
This spacious two-story house features a modern design with high ceilings, large windows, and luxurious finishes throughout. 
The gourmet kitchen is equipped with top-of-the-line appliances and a center island, perfect for entertaining guests. 
The master suite offers a private retreat with a soaking tub, separate shower, and walk-in closet. 
Enjoy the peaceful backyard oasis complete with a patio and lush landscaping. 
Experience luxury living at its finest in this Sunset Hills beauty.

Neighborhood Description: Sunset Hills is known for its upscale atmosphere and scenic views of the surrounding hills. 
Residents can enjoy nearby hiking trails, boutique shopping, and gourmet dining options. 
The neighborhood is also conveniently located near top-rated schools and recreational facilities. 
With easy access to major highways and public transportation, Sunset Hills offers the perfect blend of luxury and convenience."
4,"Neighborhood: Lakeside Estates
Price: $1,200,000
Bedrooms: 4
Bathrooms: 3
House Size: 3,500 sqft

Description: Step into luxury living in this stunning 4-bedroom, 3-bathroom home located in the exclusive Lakeside Estates neighborhood. 
With high-end finishes and modern amenities throughout, this spacious home is perfect for entertaining and relaxation. 
The gourmet kitchen features top-of-the-line appliances and a large island, while the master suite boasts a luxurious en-suite bath and walk-in closet. 
Enjoy breathtaking views of the lake from the expansive windows in the living room, or unwind in the beautifully landscaped backyard with a pool and spa. 
Experience upscale living at its finest in Lakeside Estates.

Neighborhood Description: Lakeside Estates is a prestigious community known for its waterfront properties and upscale amenities. 
Residents can enjoy boating and fishing on the lake, as well as exclusive access to the community clubhouse and tennis courts. 
With top-rated schools and shopping nearby, Lakeside Estates offers a truly luxurious lifestyle for those who appreciate the finer things in life."
5,"Neighborhood: Blue Ridge Heights
Price: $650,000
Bedrooms: 4
Bathrooms: 3
House Size: 2,500 sqft

Description: Step into this stunning 4-bedroom, 3-bathroom home in the desirable Blue Ridge Heights neighborhood. 
The spacious layout offers ample room for a growing family, with a cozy fireplace in the living room perfect for chilly evenings. 
The master suite features a spa-like bathroom with a luxurious soaking tub and dual vanities. 
Entertain guests in the backyard oasis complete with a pool and outdoor kitchen area. 
This home is the perfect blend of comfort and luxury in a peaceful neighborhood setting.

Neighborhood Description: Blue Ridge Heights is known for its quiet streets and friendly neighbors, making it an ideal place to raise a family. 
The community is just a short drive away from Blue Ridge National Park, offering residents access to hiking trails and breathtaking views. 
Local restaurants and boutique shops line the streets, providing plenty of opportunities for dining and shopping. 
With top-rated schools and a strong sense of community, Blue Ridge Heights is a place you'll be proud to call home."
6,"Neighborhood: Seaside View
Price: $1,200,000
Bedrooms: 4
Bathrooms: 3
House Size: 2,500 sqft

Description: Step into this luxurious beachfront retreat in Seaside View. This stunning 4-bedroom, 3-bathroom home offers breathtaking ocean views from every room. 
The spacious living area features floor-to-ceiling windows, allowing for plenty of natural light to shine through. 
The gourmet kitchen is equipped with top-of-the-line appliances and a large island, perfect for entertaining guests. 
Step outside to the expansive deck overlooking the sandy beach, ideal for enjoying sunsets and hosting summer BBQs. 
Experience coastal living at its finest in this Seaside View paradise.

Neighborhood Description: Seaside View is a coveted coastal community known for its pristine beaches, beautiful hiking trails, and vibrant seaside shops and restaurants. 
Residents can enjoy surfing, paddleboarding, and beach bonfires right in their backyard. 
With easy access to the marina and yacht club, water activities are just a stone's throw away. 
Live the ultimate beach lifestyle in Seaside View."
7,"Neighborhood: Oceanfront Paradise
Price: $1,200,000
Bedrooms: 4
Bathrooms: 3
House Size: 2,500 sqft

Description: Step into luxury living at this stunning 4-bedroom, 3-bathroom home located in the exclusive Oceanfront Paradise neighborhood. 
With breathtaking ocean views from every room, you'll feel like you're on vacation every day. 
The spacious layout includes a gourmet kitchen, elegant living room, and a master suite with a private balcony overlooking the sea. 
Relax in the beautifully landscaped backyard with a pool and hot tub, perfect for entertaining guests or unwinding after a long day. 
Experience coastal living at its finest in this Oceanfront Paradise retreat.

Neighborhood Description: Oceanfront Paradise is a prestigious waterfront community known for its upscale homes and picturesque ocean views. 
Residents enjoy easy access to beachfront restaurants, luxury boutiques, and upscale amenities. 
Take a leisurely stroll along the sandy shores or watch the sunset from the nearby Oceanfront Park. 
With top-rated schools and exclusive waterfront properties, Oceanfront Paradise is the epitome of coastal living."
8,"Neighborhood: Sunnyvale Heights
Price: $650,000
Bedrooms: 4
Bathrooms: 3
House Size: 2,500 sqft

Description: Step into this spacious and sunlit 4-bedroom, 3-bathroom home located in the desirable Sunnyvale Heights neighborhood. 
With a size of 2,500 sqft, this home offers plenty of room for a growing family. 
The large windows allow for natural light to fill the space, highlighting the modern finishes and open floor plan. 
The backyard features a beautiful patio area, perfect for entertaining guests or enjoying the California sunshine. 
Don't miss the opportunity to make this charming home your own in Sunnyvale Heights.

Neighborhood Description: Sunnyvale Heights is known for its family-friendly atmosphere and well-maintained streets. 
Residents enjoy easy access to nearby parks, schools, and shopping centers. 
With a strong sense of community, Sunnyvale Heights is the perfect place to raise a family or enjoy a peaceful retirement. 
Explore the local farmer's market or take a leisurely bike ride along the neighborhood trails."
9,"Neighborhood: Willow Creek
Price: $650,000
Bedrooms: 4
Bathrooms: 3
House Size: 2,500 sqft

Description: Step into this spacious 4-bedroom, 3-bathroom home located in the serene neighborhood of Willow Creek. 
This well-maintained property features a modern kitchen with granite countertops, stainless steel appliances, and a breakfast nook overlooking the backyard. 
The master suite offers a private retreat with a luxurious en-suite bathroom and walk-in closet. 
Relax in the cozy family room with a fireplace or host gatherings in the formal dining room. 
Enjoy outdoor living in the backyard oasis with a patio and lush landscaping. This Willow Creek beauty is the perfect combination of comfort and style.

Neighborhood Description: Willow Creek is known for its peaceful atmosphere and family-friendly amenities. 
Residents can enjoy walking trails, playgrounds, and community events throughout the year. 
Located near top-rated schools and shopping centers, Willow Creek is a desirable place to call home for families and professionals alike."
